name,platform,year,genre,global_sales
Call of Duty: Black Ops 3,PS4,2015,Shooter,14.24
FIFA 16,PS4,2015,Sports,8.49
Star Wars Battlefront (2015),PS4,2015,Shooter,7.67
Call of Duty: Black Ops 3,XOne,2015,Shooter,7.3
Fallout 4,PS4,2015,Role-Playing,6.96
FIFA 17,PS4,2016,Sports,4.77
Splatoon,WiiU,2015,Shooter,4.57
Uncharted: The Nathan Drake Collection,PS4,2015,Action,4.47
Halo 5: Guardians,XOne,2015,Shooter,4.26
Uncharted 4: A Thief's End,PS4,2016,Shooter,4.2
Fallout 4,XOne,2015,Role-Playing,4.09
NBA 2K16,PS4,2015,Sports,3.85
Batman: Arkham Knight,PS4,2015,Action,3.79
The Witcher 3: Wild Hunt,PS4,2015,Role-Playing,3.73
Tom Clancy's The Division,PS4,2016,Shooter,3.61
Star Wars Battlefront (2015),XOne,2015,Shooter,3.49
Metal Gear Solid V: The Phantom Pain,PS4,2015,Action,3.38
Assassin's Creed Syndicate,PS4,2015,Action,3.28
Monster Hunter X,3DS,2015,Action,3.26
FIFA 16,XOne,2015,Sports,3.23
Madden NFL 16,PS4,2015,Sports,3.22
Super Mario Maker,WiiU,2015,Platform,3.18
Gears of War: Ultimate Edition,XOne,2015,Shooter,3
Animal Crossing: Happy Home Designer,3DS,2015,Simulation,2.98
FIFA 16,PS3,2015,Sports,2.85
Mortal Kombat X,PS4,2015,Fighting,2.7
Madden NFL 16,XOne,2015,Sports,2.4
Need for Speed (2015),PS4,2015,Racing,2.39
Bloodborne,PS4,2015,Action,2.38
The Legend of Zelda: Majora's Mask 3D,3DS,2015,Action,2.32
NBA 2K16,XOne,2015,Sports,2.32
Yokai Watch Busters,3DS,2015,Action,2.28
Tom Clancy's Rainbow Six: Siege,PS4,2015,Shooter,2.15
Far Cry: Primal,PS4,2016,Action,2.13
Battlefield: Hardline,PS4,2015,Shooter,2.09
Tom Clancy's The Division,XOne,2016,Shooter,2.01
Destiny: The Taken King,PS4,2015,Shooter,1.91
Just Cause 3,PS4,2015,Action,1.83
Call of Duty: Black Ops 3,PS3,2015,Shooter,1.79
Call of Duty: Black Ops 3,X360,2015,Shooter,1.76
Forza Motorsport 6,XOne,2015,Racing,1.74
Overwatch,PS4,2016,Shooter,1.73
The Order: 1886,PS4,2015,Shooter,1.72
The Elder Scrolls Online,PS4,2015,Role-Playing,1.72
FIFA 16,X360,2015,Sports,1.69
Dying Light,PS4,2015,Action,1.66
Until Dawn,PS4,2015,Adventure,1.64
No Man's Sky,PS4,2016,Action,1.6
Dark Souls III,PS4,2016,Role-Playing,1.56
Mario Party 10,WiiU,2015,Misc,1.55
Fire Emblem Fates,3DS,2015,Role-Playing,1.54
FIFA 17,XOne,2016,Sports,1.53
Batman: Arkham Knight,XOne,2015,Action,1.45
Doom (2016),PS4,2016,Shooter,1.39
Mortal Kombat X,XOne,2015,Fighting,1.35
Rise of the Tomb Raider,XOne,2015,Adventure,1.3
Yoshi's Woolly World,WiiU,2015,Platform,1.29
Tom Clancy's Rainbow Six: Siege,XOne,2015,Shooter,1.29
Assassin's Creed Syndicate,XOne,2015,Action,1.28
The Elder Scrolls Online,XOne,2015,Role-Playing,1.27
Yokai Watch 3,3DS,2016,Action,1.27
The Witcher 3: Wild Hunt,XOne,2015,Role-Playing,1.24
Madden NFL 17,PS4,2016,Sports,1.23
Fallout 4,PC,2015,Role-Playing,1.23
Just Dance 2016,Wii,2015,Misc,1.2
Battlefield: Hardline,XOne,2015,Shooter,1.2
WWE 2K16,PS4,2015,Sports,1.2
NBA 2K17,PS4,2016,Sports,1.19
Pokemon Super Mystery Dungeon,3DS,2015,Role-Playing,1.19
Ratchet & Clank (2016),PS4,2016,Platform,1.17
Destiny: The Taken King,XOne,2015,Shooter,1.17
Mad Max (2015),PS4,2015,Action,1.11
The Legend of Zelda: Tri Force Heroes,3DS,2015,Action,1.1
Grand Theft Auto V,PC,2015,Action,1.08
Naruto Shippuden: Ultimate Ninja Storm 4,PS4,2016,Fighting,1.06
Dragon Ball: XenoVerse,PS4,2015,Fighting,1.05
Project CARS,PS4,2015,Racing,1.04
Madden NFL 16,X360,2015,Sports,0.98
Final Fantasy Type-0,PS4,2015,Role-Playing,0.97
NBA 2K16,X360,2015,Sports,0.97
LEGO Jurassic World,X360,2015,Action,0.95
Evolve,PS4,2015,Shooter,0.95
The Legend of Zelda: Twilight Princess HD,WiiU,2016,Action,0.94
LEGO Jurassic World,PS3,2015,Action,0.93
Pokken Tournament,WiiU,2016,Fighting,0.93
MLB 15: The Show,PS4,2015,Sports,0.92
Minecraft: Story Mode,X360,2015,Adventure,0.91
LEGO Jurassic World,PS4,2015,Action,0.89
EA Sports UFC 2,PS4,2016,Sports,0.89
Just Cause 3,XOne,2015,Action,0.88
Monster Strike 3DS,3DS,2015,Action,0.86
Dragon Quest VIII: Journey of the Cursed King,3DS,2015,Role-Playing,0.86
Far Cry: Primal,XOne,2016,Action,0.85
Overwatch,XOne,2016,Shooter,0.85
Kirby: Planet Robobot,3DS,2016,Action,0.85
MLB 16: The Show,PS4,2016,Action,0.84
Xenoblade Chronicles X,WiiU,2015,Role-Playing,0.84
Borderlands: The Handsome Collection,PS4,2015,Shooter,0.84
Madden NFL 17,XOne,2016,Sports,0.82
Street Fighter V,PS4,2016,Fighting,0.82
Madden NFL 16,PS3,2015,Sports,0.82
Guitar Hero Live,PS4,2015,Misc,0.81
Dying Light,XOne,2015,Action,0.81
NBA 2K16,PS3,2015,Sports,0.8
Pro Evolution Soccer 2016,PS4,2015,Sports,0.78
Rare Replay,XOne,2015,Misc,0.75
Mario & Luigi: Paper Jam,3DS,2015,Role-Playing,0.74
Dragon Quest Heroes: The World's Tree Woe and the Blight Below,PS4,2015,Action,0.71
Final Fantasy X/X-2 HD Remaster,PS4,2015,Role-Playing,0.71
Rhythm Heaven: The Best+,3DS,2015,Misc,0.71
Metal Gear Solid V: The Phantom Pain,XOne,2015,Action,0.71
Metal Gear Solid V: The Phantom Pain,PS3,2015,Action,0.7
Minecraft: Story Mode,PS3,2015,Adventure,0.69
Nintendo Presents: New Style Boutique 2 - Fashion Forward,3DS,2015,Misc,0.69
Disney Infinity 3.0,PS4,2015,Action,0.68
Doom (2016),XOne,2016,Shooter,0.68
Need for Speed (2015),XOne,2015,Racing,0.68
The Witcher 3: Wild Hunt,PC,2015,Role-Playing,0.67
Minecraft: Story Mode,PS4,2015,Adventure,0.67
F1 2015,PS4,2015,Racing,0.66
NBA 2K17,XOne,2016,Sports,0.64
LEGO Marvel's Avengers,PS4,2016,Action,0.64
LEGO Dimensions,PS4,2015,Action,0.64
God of War III,PS4,2015,Action,0.63
Dragon Quest Monsters Joker 3,3DS,2016,Role-Playing,0.63
LEGO Jurassic World,XOne,2015,Action,0.63
Evolve,XOne,2015,Shooter,0.62
NHL 16,PS4,2015,Sports,0.61
LEGO Jurassic World,3DS,2015,Action,0.6
Tales of Zestiria,PS3,2015,Role-Playing,0.59
Dark Souls II,PS4,2015,Role-Playing,0.59
Just Dance 2016,WiiU,2015,Misc,0.58
WWE 2K16,XOne,2015,Sports,0.58
WWE 2K16,PS3,2015,Sports,0.58
LEGO Dimensions,X360,2015,Action,0.56
Xenoblade Chronicles,3DS,2015,Role-Playing,0.56
Dragon Ball: XenoVerse,PS3,2015,Fighting,0.55
Yokai Sangokushi,3DS,2016,Action,0.55
LEGO Dimensions,PS3,2015,Action,0.54
Minecraft: Story Mode,XOne,2015,Adventure,0.54
Resident Evil: Revelations 2,PS4,2015,Action,0.54
Lego Star Wars: The Force Awakens,PS4,2016,Action,0.54
Star Wars Battlefront (2015),PC,2015,Shooter,0.54
LEGO Jurassic World,WiiU,2015,Action,0.53
Kirby and the Rainbow Curse,WiiU,2015,Platform,0.53
StarCraft II: Legacy of the Void,PC,2015,Strategy,0.51
LEGO Dimensions,WiiU,2015,Action,0.51
Quantum Break,XOne,2016,Action,0.51
Rory McIlroy PGA Tour,PS4,2015,Action,0.51
Guitar Hero Live,XOne,2015,Misc,0.51
WWE 2K16,X360,2015,Sports,0.5
Dragon Quest Heroes: The World's Tree Woe and the Blight Below,PS3,2015,Action,0.49
Battlefield: Hardline,PS3,2015,Shooter,0.49
Skylanders: SuperChargers,WiiU,2015,Action,0.48
Bravely Second: End Layer,3DS,2015,Role-Playing,0.47
Disney Infinity 3.0,PS3,2015,Action,0.47
NHL 16,XOne,2015,Sports,0.47
Mario & Sonic at the Rio 2016 Olympic Games,3DS,2016,Action,0.46
Farming Simulator 2015,PS3,2015,Simulation,0.46
Mad Max (2015),XOne,2015,Action,0.46
Skylanders: SuperChargers,X360,2015,Action,0.46
Sword Art Online: Lost Song,PSV,2015,Role-Playing,0.46
Puzzle & Dragons Z + Super Mario Bros. Edition,3DS,2015,Puzzle,0.46
Persona 4: Dancing All Night,PSV,2015,Misc,0.46
Plants vs. Zombies: Garden Warfare 2,PS4,2016,Shooter,0.45
Pro Evolution Soccer 2016,PS3,2015,Sports,0.45
One Piece: Pirate Warriors 3,PS4,2015,Action,0.45
Mario Tennis Ultra Smash,WiiU,2015,Sports,0.45
Disney Infinity 3.0,X360,2015,Action,0.44
Disney Infinity 3.0,WiiU,2015,Action,0.44
Plants vs. Zombies: Garden Warfare 2,XOne,2016,Shooter,0.44
Overwatch,PC,2016,Shooter,0.43
Rock Band 4,XOne,2015,Misc,0.43
Minecraft,WiiU,2016,Misc,0.43
Wolfenstein: The Old Blood,PS4,2015,Action,0.42
Animal Crossing: Amiibo Festival,WiiU,2015,Misc,0.42
Hyrule Warriors,3DS,2016,Action,0.42
Destiny: The Taken King,PS3,2015,Shooter,0.41
Farming Simulator 2015,X360,2015,Simulation,0.41
LEGO Jurassic World,PSV,2015,Action,0.41
Borderlands: The Handsome Collection,XOne,2015,Shooter,0.41
EA Sports UFC 2,XOne,2016,Sports,0.4
Rise of the Tomb Raider,X360,2015,Adventure,0.4
Skylanders: SuperChargers,PS3,2015,Action,0.39
MLB 15: The Show,PS3,2015,Sports,0.39
Saints Row IV,PS4,2015,Action,0.38
God Eater 2: Rage Burst,PSV,2015,Role-Playing,0.38
Destiny: The Taken King,X360,2015,Shooter,0.38
Forza Horizon 3,XOne,2016,Racing,0.38
Tales of Zestiria,PS4,2015,Role-Playing,0.38
FIFA 17,PS3,2016,Sports,0.38
Life is Strange,PS4,2016,Adventure,0.37
Tom Clancy's The Division,PC,2016,Shooter,0.37
LEGO Dimensions,XOne,2015,Action,0.37
Dishonored,PS4,2015,Action,0.37
Rock Band 4,PS4,2015,Misc,0.37
Resident Evil Zero,PS4,2016,Action,0.36
Just Dance 2016,X360,2015,Misc,0.36
Dark Souls III,XOne,2016,Role-Playing,0.35
Star Fox: Zero,WiiU,2016,Shooter,0.35
Farming Simulator 2015,PS4,2015,Simulation,0.35
Just Dance 2016,PS4,2015,Misc,0.35
LEGO Marvel's Avengers,X360,2016,Action,0.34
Persona 5,PS4,2016,Role-Playing,0.34
Battlefield: Hardline,X360,2015,Shooter,0.34
Dead or Alive 5,PS4,2015,Fighting,0.33
Deus Ex: Mankind Divided,PS4,2016,Role-Playing,0.33
Dragon Ball Z: Extreme Butoden,3DS,2015,Fighting,0.33
Resident Evil: Revelations 2,PS3,2015,Action,0.32
LEGO Marvel's Avengers,XOne,2016,Action,0.32
TrackMania Turbo,PS4,2016,Action,0.32
DiRT Rally,PS4,2016,Racing,0.32
Mirror's Edge Catalyst,PS4,2016,Platform,0.32
Just Dance 2016,XOne,2015,Misc,0.32
LEGO Marvel's Avengers,PS3,2016,Action,0.32
Dragon Ball: XenoVerse,XOne,2015,Fighting,0.31
Hatsune Miku: Project Mirai DX,3DS,2015,Misc,0.31
Homefront: The Revolution,PS4,2016,Shooter,0.31
Football Manager 2016,PC,2015,Simulation,0.31
Disney Infinity 3.0,XOne,2015,Action,0.31
DmC: Devil May Cry,PS4,2015,Action,0.3
Tropico 5,PS4,2015,Simulation,0.3
Skylanders: SuperChargers,PS4,2015,Action,0.3
Star Ocean 5: Integrity and Faithlessness,PS4,2016,Role-Playing,0.3
Dragon Quest Builders: Revive Alefgard,PSV,2016,Role-Playing,0.3
Imagine: Makeup Artist,DS,2020,Simulation,0.29
One Piece: Pirate Warriors 3,PS3,2015,Action,0.29
World of Warcraft: Legion,PC,2016,Role-Playing,0.29
One Piece: Burning Blood,PS4,2016,Fighting,0.28
Pro Evolution Soccer 2017,PS4,2016,Sports,0.28
Naruto Shippuden: Ultimate Ninja Storm 4,XOne,2016,Fighting,0.28
Guitar Hero Live,PS3,2015,Misc,0.28
Dragon Quest Heroes II: Twin Kings and the Prophecy's End,PS4,2016,Action,0.28
UEFA Euro 2016,PS4,2016,Sports,0.28
Deadpool,PS4,2015,Action,0.28
Divinity: Original Sin,PS4,2015,Role-Playing,0.27
Disgaea 5: Alliance of Vengeance,PS4,2015,Role-Playing,0.27
Dragon Ball: XenoVerse,X360,2015,Fighting,0.27
F1 2016 (Codemasters),PS4,2016,Racing,0.27
Ace Attorney 6,3DS,2016,Adventure,0.27
Payday 2,PS4,2015,Shooter,0.27
Rory McIlroy PGA Tour,XOne,2015,Action,0.27
Skylanders: SuperChargers,Wii,2015,Action,0.26
Mario & Sonic at the Rio 2016 Olympic Games,WiiU,2016,Action,0.26
Tearaway Unfolded,PS4,2015,Platform,0.25
J Stars Victory Vs.,PS4,2015,Fighting,0.25
Final Fantasy Type-0,XOne,2015,Role-Playing,0.25
The Legend of Legacy,3DS,2015,Role-Playing,0.25
Yakuza Zero: The Place of Oath,PS3,2015,Action,0.25
Anno 2205,PC,2015,Strategy,0.25
LEGO Ninjago: Shadow of Ronin,PSV,2015,Action,0.24
F1 2015,XOne,2015,Racing,0.24
Stella Glow,3DS,2015,Role-Playing,0.24
Chibi-Robo! Zip Lash,3DS,2015,Platform,0.24
Lego Star Wars: The Force Awakens,XOne,2016,Action,0.24
Guitar Hero Live,X360,2015,Misc,0.24
LEGO Marvel's Avengers,WiiU,2016,Action,0.23
Etrian Mystery Dungeon,3DS,2015,Role-Playing,0.23
LEGO Marvel's Avengers,PSV,2016,Action,0.23
Girls Mode 3: Kirakira Code,3DS,2015,Action,0.23
Total War: Attila,PC,2015,Strategy,0.23
Sword Art Online: Lost Song,PS4,2015,Role-Playing,0.23
Skylanders: SuperChargers,XOne,2015,Action,0.23
Project CARS,XOne,2015,Racing,0.23
Call of Duty: Black Ops 3,PC,2015,Shooter,0.23
Dragon Quest Heroes II: Twin Kings and the Prophecy's End,PSV,2016,Action,0.23
Rocket League,PS4,2016,Sports,0.23
Senran Kagura: Estival Versus,PSV,2015,Action,0.23
Dark Souls II,XOne,2015,Role-Playing,0.22
Battleborn,PS4,2016,Shooter,0.22
Tom Clancy's Rainbow Six: Siege,PC,2015,Shooter,0.22
Dragon Quest Builders: Revive Alefgard,PS4,2016,Role-Playing,0.22
Tales of Berseria,PS4,2016,Role-Playing,0.22
Transformers: Devastation,PS4,2015,Action,0.22
Just Dance 2016,PS3,2015,Misc,0.22
Shin Megami Tensei x Fire Emblem,WiiU,2015,Role-Playing,0.22
Darksiders II,PS4,2015,Action,0.22
Code Name: S.T.E.A.M.,3DS,2015,Strategy,0.22
One Piece: Pirate Warriors 3,PSV,2015,Action,0.22
Ride,PS4,2015,Racing,0.22
Metal Gear Solid V: The Phantom Pain,X360,2015,Action,0.21
LEGO Ninjago: Shadow of Ronin,3DS,2015,Action,0.21
Attack on Titan (KOEI),PS4,2016,Action,0.2
State of Decay,XOne,2015,Strategy,0.2
Assassin's Creed Syndicate,PC,2015,Action,0.2
XCOM 2,PC,2016,Strategy,0.2
NHL 17,PS4,2016,Sports,0.2
Saints Row IV,XOne,2015,Action,0.2
Tony Hawk's Pro Skater 5,PS4,2015,Sports,0.2
BioShock The Collection,PS4,2016,Shooter,0.2
Puzzle & Dragons X: God Chapter / Dragon Chapter,3DS,2016,Action,0.2
Mega Man Legacy Collection,3DS,2016,Platform,0.2
Zombie Army Trilogy,PS4,2015,Shooter,0.2
The Sims 4: Get Together,PC,2015,Simulation,0.19
Great Phoenix Wright: Ace Attorney - Naruhodou Ryuunosuke no Bouken,3DS,2015,Action,0.19
Story of Seasons: Good Friends of the Three Villages,3DS,2016,Simulation,0.19
Farming Simulator 2015,XOne,2015,Simulation,0.19
Kan Colle Kai,PSV,2016,Action,0.19
Disney Magic World 2,3DS,2015,Action,0.19
The Heavy Rain and Beyond: Two Souls Collection,PS4,2016,Action,0.19
God Eater Resurrection,PSV,2015,Action,0.19
3rd Super Robot Wars Z: Tengoku-Hen,PSV,2015,Action,0.19
Evolve,PC,2015,Shooter,0.18
LEGO Marvel's Avengers,3DS,2016,Action,0.18
Dying Light,PC,2015,Action,0.18
Odin Sphere: Leifthrasir,PS4,2016,Role-Playing,0.18
Guitar Hero Live,WiiU,2015,Misc,0.18
FIFA 16,PC,2015,Sports,0.18
Doom (2016),PC,2016,Shooter,0.18
FIFA 17,X360,2016,Sports,0.18
Jikkyou Powerful Pro Baseball 2016,PSV,2016,Sports,0.17
Back to the Future: The Game,PS4,2015,Adventure,0.17
Yakuza Zero: The Place of Oath,PS4,2015,Action,0.17
Shin Megami Tensei IV: Final,3DS,2016,Role-Playing,0.17
NBA Live 16,PS4,2015,Sports,0.17
MotoGP 15,PS4,2015,Racing,0.17
Digimon Story: Cyber Sleuth,PSV,2015,Role-Playing,0.17
Jikkyou Powerful Pro Baseball 2016,PS4,2016,Sports,0.17
Valkyria Chronicles,PS4,2016,Role-Playing,0.17
Toukiden Kiwami,PS4,2015,Action,0.17
Payday 2,XOne,2015,Shooter,0.17
NASCAR '15,X360,2015,Sports,0.17
Dragon Ball: Fusions,3DS,2016,Role-Playing,0.17
Senran Kagura: Estival Versus,PS4,2015,Action,0.17
Project X Zone 2: Brave New World,3DS,2015,Role-Playing,0.17
Mobile Suit Gundam: Extreme VS Force,PSV,2015,Action,0.16
MLB 16: The Show,PS3,2016,Action,0.16
Bladestorm: Nightmare,PS4,2015,Action,0.16
Yakuza Kiwami,PS4,2016,Adventure,0.16
7th Dragon III Code: VFD,3DS,2015,Role-Playing,0.16
NHL 17,XOne,2016,Sports,0.15
Wolfenstein: The Old Blood,XOne,2015,Action,0.15
Theatrhythm Dragon Quest,3DS,2015,Misc,0.15
Saint Seiya: Soldiers' Soul,PS4,2015,Fighting,0.15
3rd Super Robot Wars Z: Tengoku-Hen,PS3,2015,Action,0.15
Return to PopoloCrois: A Story of Seasons Fairytale,3DS,2015,Simulation,0.15
Mirror's Edge Catalyst,XOne,2016,Platform,0.15
Tokyo Xanadu,PSV,2015,Role-Playing,0.15
Odin Sphere: Leifthrasir,PSV,2016,Role-Playing,0.15
Pro Baseball Spirits 2015,PS3,2015,Action,0.15
Deus Ex: Mankind Divided,XOne,2016,Role-Playing,0.15
Dishonored,XOne,2015,Action,0.14
Disney Infinity 2.0: Marvel Super Heroes,PSV,2015,Action,0.14
Sumikko Gurashi: Omise Hajimerundesu,3DS,2015,Action,0.14
Just Cause 3,PC,2015,Action,0.14
Monster Hunter Diary: Poka Poka Airou Village DX,3DS,2015,Action,0.14
Cities: Skylines,PC,2015,Simulation,0.14
Famista Returns,3DS,2015,Sports,0.14
Far Cry: Primal,PC,2016,Action,0.14
BlazBlue: Chrono Phantasma Extend,PS4,2015,Action,0.14
Battlefield: Hardline,PC,2015,Shooter,0.14
Shovel Knight,3DS,2015,Platform,0.13
Transformers: Devastation,XOne,2015,Action,0.13
DmC: Devil May Cry,XOne,2015,Action,0.13
Rugby 15,PS3,2015,Sports,0.13
Pro Baseball Spirits 2015,PSV,2015,Action,0.13
Super Robot Wars BX,3DS,2015,Action,0.13
Resident Evil: Revelations 2,PSV,2015,Action,0.13
Attack on Titan (KOEI),PSV,2016,Action,0.13
Hasbro Family Fun Pack,XOne,2015,Misc,0.13
Brothers: A Tale of Two Sons,PS4,2015,Adventure,0.13
Dragon Quest Heroes II: Twin Kings and the Prophecy's End,PS3,2016,Action,0.13
Pro Evolution Soccer 2016,X360,2015,Sports,0.13
Batman: Arkham Knight,PC,2015,Action,0.13
Gravity Rush Remastered,PS4,2015,Action,0.13
Assassination Classroom: Grand Siege on Kuro-sensei,3DS,2015,Action,0.13
Battleborn,XOne,2016,Shooter,0.13
Lego Star Wars: The Force Awakens,PS3,2016,Action,0.12
Homefront: The Revolution,XOne,2016,Shooter,0.12
Rocket League,XOne,2016,Sports,0.12
Final Fantasy XIV: Heavensward,PS4,2015,Action,0.12
WRC 5: FIA World Rally Championship,PS3,2015,Sports,0.12
Shin Megami Tensei: Devil Survivor 2,3DS,2015,Role-Playing,0.12
Gundam Breaker 3,PSV,2016,Action,0.12
7 Days to Die,PS4,2016,Action,0.12
Hatsune Miku: Project Diva X,PSV,2016,Misc,0.12
Assassin's Creed Chronicles,PSV,2016,Action,0.12
Dragon Quest Builders: Revive Alefgard,PS3,2016,Role-Playing,0.12
Rodea the Sky Soldier,WiiU,2015,Action,0.12
Etrian Odyssey V,3DS,2016,Role-Playing,0.12
Don Bradman Cricket 14,PS4,2015,Sports,0.12
MegaTagmension Blanc + Neptune VS Zombies,PSV,2015,Action,0.12
Yakuza Kiwami,PS3,2016,Adventure,0.12
Deadpool,XOne,2015,Action,0.12
Sword Art Online: Hollow Fragment,PS4,2015,Role-Playing,0.12
Dead Island Definitive Collection,PS4,2016,Action,0.12
Tony Hawk's Pro Skater 5,XOne,2015,Sports,0.11
DiRT Rally,XOne,2016,Racing,0.11
UEFA Euro 2016,PS3,2016,Sports,0.11
Life is Strange,XOne,2016,Adventure,0.11
Skylanders: SuperChargers,3DS,2015,Action,0.11
Samurai Warriors 4-II,PS4,2015,Action,0.11
Samurai Warriors 4-II,PS3,2015,Action,0.11
Super Run For Money Tousouchuu Atsumare! Saikyou no Tousou Monotachi,3DS,2015,Action,0.11
Jikkyou Powerful Pro Baseball 2016,PS3,2016,Sports,0.11
Project CARS,PC,2015,Racing,0.11
Tales of Berseria,PS3,2016,Role-Playing,0.11
Transformers: Devastation,PS3,2015,Action,0.11
One Piece: Burning Blood,PSV,2016,Fighting,0.11
Digimon Story: Cyber Sleuth,PS4,2016,Role-Playing,0.11
PriPara Mezase! Idol Grand Prix No.1!,3DS,2015,Misc,0.11
Rugby 15,PS4,2015,Sports,0.11
Picross 3D 2,3DS,2015,Puzzle,0.11
Lego Star Wars: The Force Awakens,X360,2016,Action,0.11
Toukiden 2,PSV,2016,Action,0.11
Shovel Knight,WiiU,2015,Platform,0.11
Adventure Time: Finn & Jake Investigations,PS3,2015,Action,0.1
Taiko no Tatsujin: V Version,PSV,2015,Action,0.1
Zombie Army Trilogy,XOne,2015,Shooter,0.1
God Eater 2: Rage Burst,PS4,2015,Role-Playing,0.1
Pro Evolution Soccer 2016,XOne,2015,Sports,0.1
Wasteland 2,PS4,2015,Role-Playing,0.1
Total War: WARHAMMER,PC,2016,Strategy,0.1
NBA Live 16,XOne,2015,Sports,0.1
Atelier Sophie: The Alchemist of the Mysterious Book,PS4,2015,Role-Playing,0.1
Sword Art Online: Lost Song,PS3,2015,Role-Playing,0.1
Earth Defense Force 2025.1: The Shadow of New Despair,PS4,2015,Action,0.1
Ride,XOne,2015,Racing,0.1
Ultra Street Fighter IV,PS4,2015,Fighting,0.1
Rise of the Tomb Raider,PC,2016,Adventure,0.1
Persona 5,PS3,2016,Role-Playing,0.1
Resident Evil: Revelations 2,XOne,2015,Action,0.1
Wasteland 2,PC,2015,Role-Playing,0.1
ReCore,XOne,2016,Action,0.1
Taiko no Tatsujin: Don Don! Mystery Adventure,3DS,2016,Action,0.09
Gundam Breaker 3,PS4,2016,Action,0.09
The King of Fighters XIV,PS4,2016,Fighting,0.09
Adventure Time: Finn & Jake Investigations,X360,2015,Action,0.09
Digimon World: Next Order,PSV,2016,Action,0.09
The Crew: Wild Run,PS4,2015,Action,0.09
Devil May Cry 4,PS4,2015,Action,0.09
Lego Star Wars: The Force Awakens,PSV,2016,Action,0.09
NBA 2K16,PC,2015,Sports,0.09
The Idolmaster: Platinum Stars,PS4,2016,Simulation,0.09
Transformers: Devastation,X360,2015,Action,0.09
Pokemon Rumble World,3DS,2015,Action,0.09
Disney Art Academy,3DS,2016,Action,0.09
Super Robot Wars OG: The Moon Dwellers,PS4,2016,Misc,0.09
Samurai Warriors 4: Empires,PS4,2015,Action,0.09
F1 2016 (Codemasters),XOne,2016,Racing,0.09
Sengoku Basara 4: Sumeragi,PS3,2015,Action,0.09
Resident Evil: Revelations 2,X360,2015,Action,0.09
Lego Star Wars: The Force Awakens,WiiU,2016,Action,0.09
SpongeBob: HeroPants,X360,2015,Platform,0.09
Adventure Time: Finn & Jake Investigations,PS4,2015,Action,0.09
Might & Magic Heroes VII,PC,2015,Strategy,0.09
Rugby 15,XOne,2015,Sports,0.09
Ys VIII: Lacrimosa of Dana,PSV,2016,Role-Playing,0.09
Kuroko's Basketball: Ties to Future,3DS,2015,Action,0.08
Arslan: The Warriors of Legend,PS4,2015,Action,0.08
Dead or Alive 5,XOne,2015,Fighting,0.08
The Seven Deadly Sins: Unjust Sin,3DS,2015,Adventure,0.08
Ride,PS3,2015,Racing,0.08
God Eater Resurrection,PS4,2015,Action,0.08
Toukiden 2,PS4,2016,Action,0.08
Wolfenstein: The Old Blood,PC,2015,Action,0.08
Uta no Prince-Sama: All Star After Secret,PSP,2015,Action,0.08
The Witch and the Hundred Knight,PS4,2015,Role-Playing,0.08
MXGP 2,PS4,2016,Racing,0.08
Looney Tunes: Galactic Sports,PSV,2015,Action,0.08
BioShock The Collection,XOne,2016,Shooter,0.08
Just Dance: Disney Party 2,WiiU,2015,Action,0.08
Valkyrie Drive: Bhikkhuni,PSV,2015,Action,0.08
Madden NFL 17,X360,2016,Sports,0.08
Assassin's Creed Chronicles,PS4,2016,Action,0.08
Minecraft: Story Mode,PC,2015,Adventure,0.08
Terraria,3DS,2016,Action,0.08
Dragon's Dogma Online,PS4,2015,Role-Playing,0.08
Metal Gear Solid V: The Phantom Pain,PC,2015,Action,0.08
Madden NFL 17,PS3,2016,Sports,0.08
WRC 5: FIA World Rally Championship,PSV,2015,Sports,0.08
Shovel Knight,PS4,2015,Platform,0.08
Yoru no Nai Kuni,PS4,2015,Role-Playing,0.08
Mega Man Legacy Collection,PS4,2016,Platform,0.07
Yoru no Nai Kuni,PSV,2015,Role-Playing,0.07
Aikatsu! My No.1 Stage!,3DS,2015,Misc,0.07
Adventure Time: Finn & Jake Investigations,3DS,2015,Action,0.07
Kenka Banchou 6: Soul & Blood,3DS,2015,Fighting,0.07
Resident Evil Zero,XOne,2016,Action,0.07
Teenage Mutant Ninja Turtles: Mutants in Manhattan,PS4,2016,Action,0.07
Utawarerumono: Itsuwari no Kamen,PSV,2015,Adventure,0.07
Just Dance: Disney Party 2,X360,2015,Action,0.07
Rugby World Cup 2015,PS3,2015,Sports,0.07
Guilty Gear Xrd -Revelator-,PS4,2016,Fighting,0.07
Grand Kingdom,PSV,2015,Role-Playing,0.07
BlazBlue: Chrono Phantasma Extend,PSV,2015,Action,0.07
MotoGP 15,PS3,2015,Racing,0.07
Battleborn,PC,2016,Shooter,0.07
Guilty Gear Xrd -Revelator-,PS3,2016,Fighting,0.07
The Legend of Heroes: Trails in the Sky First Chapter,PSV,2015,Role-Playing,0.07
IA/VT Colorful,PSV,2015,Misc,0.07
Assassin's Creed: Rogue,PC,2015,Action,0.07
Divinity: Original Sin,XOne,2015,Role-Playing,0.07
Toy Soldiers: War Chest,PS4,2015,Action,0.07
Grand Ages: Medieval,PS4,2015,Strategy,0.07
Monster High: New Ghoul in School,PS3,2015,Action,0.07
Lost Heroes 2,3DS,2015,Action,0.07
Just Dance: Disney Party 2,XOne,2015,Action,0.07
Resident Evil 6,PS4,2016,Shooter,0.07
Tony Hawk's Pro Skater 5,X360,2015,Sports,0.07
The Book of Unwritten Tales 2,PS4,2015,Adventure,0.07
Future Card Buddy Fight: Yuujou no Bakunetsu Fight,3DS,2015,Action,0.07
Fairy Fencer F: Advent Dark Force,PS4,2015,Role-Playing,0.07
Lego Star Wars: The Force Awakens,3DS,2016,Action,0.07
Broken Sword 5: The Serpent's Curse,PS4,2015,Adventure,0.06
Rugby 15,PSV,2015,Sports,0.06
Legend of Kay,PS4,2015,Action,0.06
Mario vs. Donkey Kong: Tipping Stars,3DS,2015,Puzzle,0.06
Song of the Deep,PS4,2016,Action,0.06
Taiko no Tatsujin: Atsumete Tomodachi Daisakusen!,WiiU,2015,Misc,0.06
Valentino Rossi: The Game,PS4,2016,Racing,0.06
Pro Evolution Soccer 2017,PS3,2016,Sports,0.06
Devil's Third,WiiU,2015,Action,0.06
Barbie and Her Sisters Puppy Rescue,Wii,2015,Action,0.06
Zero Escape: Zero Time Dilemma,3DS,2016,Adventure,0.06
Risen 3: Titan Lords,PS4,2015,Role-Playing,0.06
Zero Escape: Zero Time Dilemma,PSV,2016,Adventure,0.06
Odin Sphere: Leifthrasir,PS3,2016,Role-Playing,0.06
BlazBlue: Chrono Phantasma Extend,XOne,2015,Action,0.06
Destiny: The Collection,PS4,2016,Shooter,0.06
Darksiders II,XOne,2015,Action,0.06
Genkai Tokki: Moero Crystal,PSV,2015,Role-Playing,0.06
Attack on Titan (KOEI),PS3,2016,Action,0.06
Atelier Sophie: The Alchemist of the Mysterious Book,PSV,2015,Role-Playing,0.06
TrackMania Turbo,XOne,2016,Action,0.06
Summon Night 6: Lost Borders,PSV,2016,Action,0.06
Doraemon: Nobita no Uchuu Eiyuuki,3DS,2015,Action,0.06
Ansatsu Kyoushitsu: Assassin Ikusei Keikaku!!,3DS,2016,Action,0.06
Super Robot Wars OG: The Moon Dwellers,PS3,2016,Misc,0.06
Game of Thrones (Telltale),PS3,2015,Adventure,0.06
Project Setsuna,PS4,2016,Role-Playing,0.06
Yomawari,PSV,2015,Adventure,0.06
Sumikko Gurashi: Mura o Tsukurundesu,3DS,2016,Misc,0.06
Romance of the Three Kingdoms 13,PS4,2015,Action,0.06
Utawarerumono: Itsuwari no Kamen,PS4,2015,Adventure,0.06
Rugby World Cup 2015,PS4,2015,Sports,0.06
Nights of Azure,PS4,2015,Action,0.06
Samurai Warriors 4: Empires,PS3,2015,Action,0.06
MX vs. ATV Supercross Encore,PS4,2015,Sports,0.06
Tony Hawk's Pro Skater 5,PS3,2015,Sports,0.06
Handball 16,PS4,2015,Sports,0.06
Grand Kingdom,PS4,2015,Role-Playing,0.06
Legend of Kay,WiiU,2015,Action,0.05
NHL Legacy,X360,2015,Action,0.05
Kamen Rider: Battride War Genesis,PS4,2016,Action,0.05
Samurai Warriors 4: Empires,PSV,2015,Action,0.05
Miracle Girls Festival,PSV,2015,Misc,0.05
Saki: Zenkoku-hen,PSV,2015,Misc,0.05
Shiren the Wanderer 5 Plus: Fortune Tower and the Dice of Fate,PSV,2015,Action,0.05
NBA 2K17,X360,2016,Sports,0.05
Adventure Time: Finn & Jake Investigations,WiiU,2015,Action,0.05
Goosebumps: The Game,3DS,2015,Adventure,0.05
Samurai Warriors 4-II,PSV,2015,Action,0.05
Dark Souls III,PC,2016,Role-Playing,0.05
Rugby 15,X360,2015,Sports,0.05
Uta no Prince-Sama: Music 3,PSV,2016,Action,0.05
New Prince of Tennis: Go to the Top,3DS,2015,Action,0.05
ZombiU,PS4,2016,Action,0.05
Teenage Mutant Ninja Turtles: Mutants in Manhattan,PS3,2016,Action,0.05
Utawarerumono: Futari no Hakuoro,PSV,2016,Misc,0.05
Chaos;Child,PSV,2015,Adventure,0.05
FIFA 17,PC,2016,Sports,0.05
Arcania: Gothic 4,PS4,2015,Role-Playing,0.05
Culdcept Revolt,3DS,2016,Strategy,0.05
Toy Soldiers: War Chest,XOne,2015,Action,0.05
Omega Labyrinth,PSV,2015,Role-Playing,0.05
Dead or Alive Xtreme 3: Fortune,PS4,2016,Sports,0.05
Stranger of Sword City,PSV,2015,Role-Playing,0.05
WRC 5: FIA World Rally Championship,PS4,2015,Sports,0.05
Earth Defense Force 4.1: The Shadow of New Despair,PS4,2015,Shooter,0.05
SpongeBob: HeroPants,PSV,2015,Platform,0.05
Project Setsuna,PSV,2016,Role-Playing,0.05
Mortal Kombat X,PC,2015,Fighting,0.05
Luminous Arc Infinity,PSV,2015,Action,0.05
Assetto Corsa,PS4,2016,Racing,0.05
Street Fighter V,PC,2016,Fighting,0.05
To Heart 2: Dungeon Travelers,PSV,2015,Adventure,0.05
Caligula,PSV,2016,Role-Playing,0.05
Steins;Gate 0,PSV,2015,Adventure,0.05
The Technomancer,PS4,2016,Role-Playing,0.05
Mirror's Edge Catalyst,PC,2016,Platform,0.05
Steins;Gate 0,PS4,2015,Adventure,0.05
Adventure Time: Finn & Jake Investigations,XOne,2015,Action,0.05
Sengoku Basara 4: Sumeragi,PS4,2015,Action,0.05
Pro Cycling Manager 2016,PS4,2016,Sports,0.05
MXGP 2,XOne,2016,Racing,0.05
Bladestorm: Nightmare,XOne,2015,Action,0.05
Downtown no Gaki no Tsukai Yaarahen de!! Zettai ni Tsukamatte Haikenai Gasu Kurobikari Land,3DS,2015,Action,0.05
NBA 2K17,PS3,2016,Sports,0.05
Sword Art Online: Game Director's Edition,PS4,2015,Role-Playing,0.05
Kamen Rider: Battride War Genesis,PSV,2016,Action,0.05
Saints Row: Gat out of Hell,PS4,2015,Action,0.05
Wasteland 2,XOne,2015,Role-Playing,0.05
Grand Ages: Medieval,PC,2015,Strategy,0.05
Handball 16,PS3,2015,Sports,0.05
Utawarerumono: Itsuwari no Kamen,PS3,2015,Adventure,0.05
F1 2015,PC,2015,Racing,0.05
Game of Thrones (Telltale),PS4,2015,Adventure,0.05
Rugby World Cup 2015,X360,2015,Sports,0.05
Tokyo Ghoul: Jail,PSV,2015,Racing,0.05
Arslan: The Warriors of Legend,PS3,2015,Action,0.05
Yoru no Nai Kuni,PS3,2015,Role-Playing,0.05
Mighty No. 9,PS4,2016,Platform,0.05
Plants vs. Zombies: Garden Warfare 2,PC,2016,Shooter,0.05
Atelier Escha & Logy: Alchemists of the Dusk Sky,PSV,2015,Role-Playing,0.04
World Trigger: Borderless Mission,PSV,2015,Action,0.04
Exist Archive: The Other Side of the Sky,PSV,2015,Role-Playing,0.04
Nobunaga's Ambition: Sphere of Influence - Sengoku Risshiden,PS4,2016,Misc,0.04
Dead Island Definitive Collection,XOne,2016,Action,0.04
Rugby Challenge 3,PS3,2016,Sports,0.04
Sﾃｩbastien Loeb Rally Evo,PS4,2016,Racing,0.04
R.B.I. Baseball 2016,XOne,2016,Sports,0.04
Yowamushi Pedal,3DS,2015,Action,0.04
Life is Strange,PC,2016,Adventure,0.04
Pro Evolution Soccer 2016,PC,2015,Sports,0.04
Card Fight!! Vanguard G: Stride to Victory!!,3DS,2016,Misc,0.04
Refrain no Chika Meikyuu to Majo no Ryodan,PSV,2016,Action,0.04
Utawarerumono: Futari no Hakuoro,PS4,2016,Misc,0.04
Kamen Rider: Battride War Genesis,PS3,2016,Action,0.04
Hitman (2016),PS4,2016,Action,0.04
Saint Seiya: Soldiers' Soul,PS3,2015,Fighting,0.04
7 Days to Die,XOne,2016,Action,0.04
Gravity Falls: Legend of the Gnome Gemulets,3DS,2015,Action,0.04
Nitroplus Blasterz: Heroines Infinite Duel,PS4,2015,Fighting,0.04
XCOM 2,PS4,2016,Strategy,0.04
One Piece: Burning Blood,XOne,2016,Fighting,0.04
Star Ocean 5: Integrity and Faithlessness,PS3,2016,Role-Playing,0.04
BlazBlue: Chrono Phantasma Extend,PS3,2015,Action,0.04
Romance of the Three Kingdoms 13,PS3,2015,Action,0.04
The Sims 4: Spa Day,PC,2015,Simulation,0.04
Yuki Yuna is a Hero: Memory of the Forest,PSV,2015,Action,0.04
Haikyu!! Cross Team Match!,3DS,2016,Adventure,0.04
Hyperdimension Neptunia Victory II,PS4,2015,Role-Playing,0.04
Brothers: A Tale of Two Sons,XOne,2015,Adventure,0.04
Tsurugi no Machi no Ihoujin: Kuro no Kyuuden,PSV,2015,Role-Playing,0.04
Paddington: Adventures in London,3DS,2015,Puzzle,0.04
Nobunaga's Ambition: Sphere of Influence - Sengoku Risshiden,PSV,2016,Misc,0.04
Song of the Deep,XOne,2016,Action,0.04
Monster High: New Ghoul in School,X360,2015,Action,0.04
Rugby Challenge 3,PS4,2016,Sports,0.04
Hatsune Miku: Project Diva X,PS4,2016,Misc,0.04
Bullet Girls 2,PSV,2016,Action,0.04
Famicom Remix Best Choice,3DS,2015,Action,0.04
LEGO Jurassic World,PC,2015,Action,0.04
Civilization Beyond Earth: Rising Tide,PC,2015,Strategy,0.04
Rodea the Sky Soldier,3DS,2015,Action,0.04
Don Bradman Cricket 14,XOne,2015,Sports,0.04
Train Simulator 2016,PC,2015,Simulation,0.04
Corpse Party: Blood Covered - Repeated Fear,3DS,2015,Adventure,0.04
The Idolm@ster: Must Songs - Red Board / Blue Board,PSV,2015,Misc,0.04
Resident Evil 6,XOne,2016,Shooter,0.04
Monster High: New Ghoul in School,3DS,2015,Action,0.04
Rugby World Cup 2015,PSV,2015,Sports,0.04
Doraemon: Shin Nobita no Nihon Tanjou,3DS,2016,Misc,0.04
NHL Legacy,PS3,2015,Action,0.04
NHL 16,PS3,2015,Sports,0.04
Destiny: The Collection,XOne,2016,Shooter,0.04
12-Sai. Koisuru Diary,3DS,2016,Adventure,0.04
Ray Gigant,PSV,2015,Role-Playing,0.04
Barbie and Her Sisters Puppy Rescue,3DS,2015,Action,0.04
Nobunaga's Ambition II,3DS,2015,Strategy,0.04
Aegis of Earth: Protonovus Assault,PSV,2016,Action,0.04
MLB 15: The Show,PSV,2015,Sports,0.04
Assassin's Creed Chronicles: China,PS4,2015,Action,0.04
Batman: A Telltale Game Series,PS4,2016,Adventure,0.04
DoraMoji: Nobita no Kanji Daisakusen,3DS,2015,Misc,0.03
Resident Evil 4 HD,PS4,2016,Shooter,0.03
The Legend of Heroes: Trails in the Sky SC Evolution,PSV,2015,Role-Playing,0.03
SpongeBob: HeroPants,3DS,2015,Platform,0.03
Criminal Girls 2,PSV,2015,Role-Playing,0.03
Diabolik Lovers: Dark Fate,PSV,2015,Action,0.03
Nobunaga's Ambition: Sphere of Influence - Sengoku Risshiden,PS3,2016,Misc,0.03
Teenage Mutant Ninja Turtles: Mutants in Manhattan,XOne,2016,Action,0.03
Game of Thrones (Telltale),X360,2015,Adventure,0.03
Dead or Alive Xtreme 3: Venus,PSV,2016,Sports,0.03
JoJo's Bizarre Adventure: Eyes of Heaven,PS4,2015,Fighting,0.03
NASCAR Heat Evolution,PS4,2016,Racing,0.03
Rugby League Live 3,PS3,2015,Action,0.03
Ukiyo no Shishi,PS3,2015,Action,0.03
YoKai Watch Dance: Just Dance Special Version,WiiU,2015,Misc,0.03
Medarot 9: Kabuto Ver. / Kuwagata Ver.,3DS,2015,Role-Playing,0.03
Metroid Prime: Federation Force,3DS,2016,Action,0.03
Sonic Boom: Fire & Ice,3DS,2016,Platform,0.03
Gakusen Toshi Asterisk Festa: Houka Kenran,PSV,2016,Fighting,0.03
Monster High: New Ghoul in School,Wii,2015,Action,0.03
Dragon's Dogma Online,PS3,2015,Role-Playing,0.03
Atelier Sophie: The Alchemist of the Mysterious Book,PS3,2015,Role-Playing,0.03
A Good Librarian Like a Good Shepherd: Library Party,PSV,2015,Action,0.03
Gal Gun: Double Peace,PSV,2015,Action,0.03
PriPara & Pretty Rhythm: PriPara de Tsukaeru Oshare Item 1450!,3DS,2015,Action,0.03
JoJo's Bizarre Adventure: Eyes of Heaven,PS3,2015,Fighting,0.03
Medabots 9: Metabee / Rokusho,3DS,2015,Role-Playing,0.03
Hakuoki Zuisouroku Omokage Hana,PSV,2015,Action,0.03
Hearts of Iron IV,PC,2016,Strategy,0.03
Phantasy Star Online 2 Episode 4: Deluxe Package,PS4,2017,Role-Playing,0.03
Airship Q,PSV,2015,Platform,0.03
MotoGP 15,XOne,2015,Racing,0.03
Summon Night 6: Lost Borders,PS4,2016,Action,0.03
Alia's Carnival! Sacrament,PSV,2015,Adventure,0.03
Ebikore Photo Kano Kiss,PSV,2015,Action,0.03
Bad Apple Wars,PSV,2015,Action,0.03
Transformers: Devastation,PC,2015,Action,0.03
Renai Revenge,PSV,2015,Adventure,0.03
Atelier Shallie Plus: Alchemists of the Dusk Sea,PSV,2016,Role-Playing,0.03
Langrisser: Re:Incarnation Tensei,3DS,2015,Role-Playing,0.03
Shantae and the Pirate's Curse,3DS,2015,Platform,0.03
The Peanuts Movie: Snoopy's Grand Adventure,3DS,2015,Action,0.03
Teenage Mutant Ninja Turtles: Mutants in Manhattan,X360,2016,Action,0.03
Need for Speed (2015),PC,2016,Racing,0.03
Kung Fu Panda: Showdown of Legendary Legends,X360,2015,Action,0.03
Phantasy Star Online 2: Episode 3 Deluxe Package,PSV,2015,Action,0.03
Pro Cycling Manager 2016,PC,2016,Sports,0.03
Hyperdimension Neptunia Vs. Sega Hard Girls: Yume no Gattai Special,PSV,2015,Role-Playing,0.03
Bladestorm: Nightmare,PS3,2015,Action,0.03
Higurashi no Naku Koro ni Iki,PSV,2015,Action,0.03
Game of Thrones (Telltale),XOne,2015,Adventure,0.03
OZMAFIA!! -vivace-,PSV,2015,Adventure,0.03
Attack on Titan (KOEI),XOne,2016,Action,0.03
Medabots Girls Mission: Metabee Ver. / Rokusho Ver.,3DS,2016,Role-Playing,0.03
My Hero Academia: Battle for All,3DS,2016,Action,0.03
New Tokyo Legacy: Operation Babel,PSV,2015,Role-Playing,0.03
Rugby League Live 3,X360,2015,Action,0.03
Exist Archive: The Other Side of the Sky,PS4,2015,Role-Playing,0.03
Romance of the Three Kingdoms II,3DS,2015,Strategy,0.03
The Great Mystery Hidden Object Package 5,PC,2015,Adventure,0.03
Stellaris,PC,2016,Strategy,0.03
Ao no Kanata no Four Rhythm,PSV,2016,Adventure,0.03
Parfait,PSV,2015,Adventure,0.03
Ride,PC,2015,Racing,0.03
Ghostbusters (2016),PS4,2016,Action,0.03
Harukanaru Toki no Naka de 6,PSV,2015,Action,0.03
Darius Burst: Chronicle Saviours,PSV,2016,Action,0.03
Gudetama: Hanjuku de Tanomuwa,3DS,2015,Action,0.03
Aegis of Earth: Protonovus Assault,PS3,2016,Action,0.03
Pro Evolution Soccer 2017,XOne,2016,Sports,0.03
Xblaze: Lost Memories,PSV,2015,Adventure,0.03
DiRT Rally,PC,2016,Racing,0.03
Let's Sing 2016,PS4,2015,Action,0.03
3DS Classic Collection,3DS,2016,Misc,0.03
Himoutou! Umaru-Chan: Himoutou Ikusei Keikaku,PSV,2015,Simulation,0.03
Sengoku Basara: Sanada Yukimura-Den,PS4,2016,Action,0.03
Kisuato,PSV,2015,Adventure,0.03
Steins;Gate 0,PS3,2015,Adventure,0.03
Dream Girl Premier,3DS,2015,Misc,0.03
The Peanuts Movie: Snoopy's Grand Adventure,PS4,2015,Action,0.03
Terraria,WiiU,2016,Action,0.03
MeiQ no Chika Ni Shisu: A Maze to Eradicate Them All,PSV,2015,Role-Playing,0.03
Diabolik Lovers: Lunatic Parade,PSV,2016,Adventure,0.03
Back to the Future: The Game,X360,2015,Adventure,0.03
God Eater Off Shot: Lindow-hen Twin Pack & Animation Vol. 2,PS4,2015,Misc,0.03
The Peanuts Movie: Snoopy's Grand Adventure,X360,2015,Action,0.03
Psycho-Pass: Mandatory Happiness,PS4,2016,Adventure,0.03
Yuusha Shisu.,PSV,2016,Role-Playing,0.02
Ghostbusters (2016),XOne,2016,Action,0.02
Naruto Shippuden: Ultimate Ninja Storm Collection,PS3,2016,Action,0.02
Bus Simulator 16,PC,2016,Simulation,0.02
Teddy Together,3DS,2016,Simulation,0.02
TV Anime Idolm@ster: Cinderella Girls G4U! Pack Vol.1,PS3,2015,Action,0.02
TV Anime Idolm@ster: Cinderella Girls G4U! Pack Vol.6,PS3,2015,Adventure,0.02
Blade Arcus from Shining EX,PS4,2015,Fighting,0.02
Rugby Challenge 3,X360,2016,Sports,0.02
Cross Ange: Tenshi to Ryuu no Rondo tr.,PSV,2015,Action,0.02
Kenka Bancho Otome,PSV,2016,Action,0.02
TV Anime Idolm@ster: Cinderella Girls G4U! Pack Vol.9,PS3,2016,Misc,0.02
Tokyo Xanadu eX+,PS4,2016,Role-Playing,0.02
Winning Post 8 2015,PSV,2015,Action,0.02
NASCAR Heat Evolution,XOne,2016,Racing,0.02
La Corda d'Oro 4,PSV,2016,Action,0.02
Thomas and Friends: Steaming around Sodor,3DS,2015,Action,0.02
Ride,X360,2015,Racing,0.02
Prison Architect,PS4,2016,Action,0.02
Rugby League Live 3,PS4,2015,Action,0.02
Genkai Tokki: Seven Pirates,PSV,2016,Role-Playing,0.02
Blade Arcus from Shining EX,PS3,2015,Fighting,0.02
To Love-Ru Trouble: Darkness - True Princess,PSV,2015,Action,0.02
Rocket League,PC,2016,Sports,0.02
Rugby World Cup 2015,XOne,2015,Sports,0.02
Winning Post 8 2015,PS3,2015,Action,0.02
Ukiyo no Roushi,PSV,2015,Action,0.02
Aegis of Earth: Protonovus Assault,PS4,2016,Action,0.02
Kung Fu Panda: Showdown of Legendary Legends,PS3,2015,Action,0.02
Sengoku Otome: Legend Battle,PSV,2016,Action,0.02
Valentino Rossi: The Game,XOne,2016,Racing,0.02
Diabolik Lovers: More Blood,PSV,2015,Adventure,0.02
Final Fantasy XIV: Heavensward,PS3,2015,Action,0.02
Hyakka Hyakurou: Sengoku Ninpoujou,PSV,2016,Adventure,0.02
Gochuumon wa Usagi Desu ka?? Wonderful Party!,PSV,2016,Adventure,0.02
F1 2016 (Codemasters),PC,2016,Racing,0.02
Rugby League Team Manager 2015,PC,2015,Action,0.02
Kung Fu Panda: Showdown of Legendary Legends,3DS,2015,Action,0.02
Dead Rising,PS4,2016,Action,0.02
Homefront: The Revolution,PC,2016,Shooter,0.02
The Technomancer,XOne,2016,Role-Playing,0.02
Hakuoki: Shinkai - Furi no Shou,PSV,2015,Action,0.02
The Legend of Heroes: Trails in the Sky Third Chapter,PSV,2016,Role-Playing,0.02
TV Anime Idolm@ster: Cinderella Girls G4U! Pack Vol.7,PS3,2015,Misc,0.02
Anima - Gate of Memories,PS4,2016,Action,0.02
Psycho-Pass: Mandatory Happiness,PSV,2016,Adventure,0.02
Resident Evil: Umbrella Corps,PS4,2016,Action,0.02
Deus Ex: Mankind Divided,PC,2016,Role-Playing,0.02
RollerCoaster Tycoon World,PC,2016,Simulation,0.02
Net High,PSV,2015,Adventure,0.02
Resident Evil Zero,PC,2016,Action,0.02
Downtown Nekketsu Jidaigek,3DS,2015,Action,0.02
Legend of Kay Anniversary,PS4,2015,Action,0.02
Nobunaga's Ambition: Tenshouki with Power-Up Kit HD Version,PSV,2015,Strategy,0.02
Angelique Retour,PSV,2015,Action,0.02
Dino Dini's Kick Off Revival,PS4,2016,Sports,0.02
Mighty No. 9,WiiU,2016,Platform,0.02
TV Anime Idolm@ster: Cinderella Girls G4U! Pack Vol.5,PS3,2015,Action,0.02
Agatha Christie: The ABC Murders,PC,2016,Adventure,0.02
Date-A-Live Twin Edition: Rio Reincarnation,PSV,2015,Action,0.02
Natsuiro High School: Seishun Hakusho,PS4,2015,Action,0.02
Black Rose Valkyrie,PS4,2016,Role-Playing,0.02
Agatha Christie's The ABC Murders,PS4,2016,Adventure,0.02
Dynasty Warriors 8: Empires,PSV,2015,Action,0.02
Devil Survivor: Over Clock,3DS,2015,Strategy,0.02
Otoko Yukaku,PSV,2015,Action,0.02
Spirits and Demons: 5 Game Pack,PC,2015,Misc,0.02
Rose to Tasogare no Kojou,PSV,2016,Action,0.02
Sengoku Basara: Sanada Yukimura-Den,PS3,2016,Action,0.02
Hakuoki: Shinkai - Hana no Shou,PSV,2016,Adventure,0.02
Natsuiro High School: Seishun Hakusho,PS3,2015,Action,0.02
The Talos Principle,PS4,2015,Puzzle,0.02
Tsuki ni Yori Sou Otome no Sahou: Hidamari no Hibi,PSV,2015,Adventure,0.02
Amatsumi Sora ni! Kumo no Hatate ni,PSV,2015,Adventure,0.02
Downtown Nekketsu Koushinkyoku: Soreyuke Daiundoukai All-Star Special,PS3,2015,Action,0.02
Lovely x Cation 1 & 2,PSV,2015,Action,0.02
TV Anime Idolm@ster: Cinderella Girls G4U! Pack Vol.8,PS3,2016,Misc,0.02
New Atelier Rorona: Hajimari no Monogatari,3DS,2015,Action,0.02
The Crew: Wild Run,PC,2015,Action,0.02
7 Roses: A Darkness Rises,PC,2015,Misc,0.02
Niko Puchi Girls Runway,3DS,2015,Misc,0.02
Call of Duty: Modern Warfare Trilogy,PS3,2016,Shooter,0.02
The Crew: Wild Run,XOne,2015,Action,0.02
Toukiden 2,PS3,2016,Action,0.02
Final Fantasy XIV: Heavensward,PC,2015,Action,0.02
Song of the Deep,PC,2016,Action,0.02
TV Anime Idolm@ster: Cinderella Girls G4U! Pack Vol.2,PS3,2015,Action,0.02
Winning Post 8 2016,PS4,2016,Simulation,0.02
Prince of Stride,PSV,2015,Adventure,0.02
Back to the Future: The Game,XOne,2015,Adventure,0.02
TV Anime Idolm@ster: Cinderella Girls G4U! Pack Vol.3,PS3,2015,Action,0.02
This War of Mine,PS4,2016,Action,0.02
Nil Admirari no Tenbin: Teito Genwaku Toukidan,PSV,2016,Adventure,0.02
Arslan: The Warriors of Legend,XOne,2016,Action,0.02
Revolution: 25th Anniversary Collection,PC,2016,Adventure,0.02
MX vs. ATV Supercross Encore,XOne,2015,Sports,0.02
TV Anime Idolm@ster: Cinderella Girls G4U! Pack Vol.4,PS3,2015,Action,0.02
Abunai: Koi no Sousa Shitsu,PSV,2015,Action,0.02
Clock Zero: Shuuen no Ichibyou - ExTime,PSV,2015,Action,0.02
Root Infinity Rexx,PSV,2015,Adventure,0.02
Reine des Fleurs,PSV,2015,Action,0.02
"Moshi, Kono Sekai ni Kami-sama ga Iru to suru Naraba.",PSV,2016,Adventure,0.02
Kaleidoeve,PSV,2015,Adventure,0.02
NHL 16,X360,2015,Sports,0.02
XCOM 2,XOne,2016,Strategy,0.02
Call of Duty: Modern Warfare Trilogy,X360,2016,Shooter,0.02
WRC 5: FIA World Rally Championship,X360,2015,Sports,0.02
Psychedelica of the Black Butterfly,PSV,2015,Action,0.02
Assault Suit Leynos,PS4,2016,Shooter,0.02
Taishou Moebius Line Vitable,PSV,2016,Adventure,0.02
MuvLuv Double Pack,PSV,2016,Adventure,0.02
Koihime Enbu,PS4,2016,Fighting,0.02
The Sims 4: Luxury Party Stuff,PC,2015,Simulation,0.02
Saenai Kanojo no Sodatekata: Blessing Flowers,PSV,2015,Action,0.02
Professional Farmer 2016,PS4,2015,Action,0.02
Harukanaru Toki no Naka de 6,PSP,2015,Action,0.02
I Doll U,PSV,2015,Adventure,0.02
Barbie and Her Sisters Puppy Rescue,PS3,2015,Action,0.02
Worms: WMD,PS4,2016,Action,0.02
Storm Lover 2nd V,PSV,2016,Adventure,0.02
Touhou Genso Rondo: Bullet Ballet,PS4,2016,Shooter,0.02
Girl Friend Beta: Kimi to Sugosu Natsuyasumi,PSV,2015,Action,0.02
Sid Meier's Civilization Revolution 2+,PSV,2015,Strategy,0.02
Meiji Toukyou Renka: Twilight Kiss,PSP,2015,Action,0.02
Xblaze: Lost Memories,PS3,2015,Adventure,0.02
Coven and Labyrinth of Refrain,PSV,2016,Action,0.01
Super Battle For Money Sentouchuu: Kyuukyoku no Shinobu to Battle Player Choujou Kessen!,3DS,2016,Action,0.01
One Piece: Daikaizoku Coliseum,3DS,2016,Fighting,0.01
God Eater Off Shot: Soma Shikkuzaru-hen Twin Pack & Animation Vol.4,PS4,2016,Action,0.01
Uppers,PSV,2016,Action,0.01
Wand of Fortune R,PSV,2016,Adventure,0.01
Utawarerumono: Futari no Hakuoro,PS3,2016,Misc,0.01
WRC 5: FIA World Rally Championship,XOne,2015,Sports,0.01
Raven's Cry,PS4,2015,Role-Playing,0.01
God Eater Off Shot:Shiou-hen Twin Pack & Animation Vol.5,PS4,2016,Misc,0.01
Battle Worlds: Kronos,PC,2016,Strategy,0.01
Kaitou Joker: Toki o Koeru Kaitou to Ushinawareta Houseki,3DS,2015,Action,0.01
Sousaku Alice to Oujisama!,3DS,2015,Simulation,0.01
Infinite Stratos 2: Love and Purge,PSV,2015,Action,0.01
Resident Evil 5 HD,PS4,2016,Action,0.01
Barbie and Her Sisters Puppy Rescue,WiiU,2015,Action,0.01
Higurashi no Naku Koro ni Iki,PS3,2015,Action,0.01
Paranormal Pursuit: The Gifted One,PC,2015,Action,0.01
Hitotsu Tobashi Renai V,PSV,2015,Adventure,0.01
Collar x Malice,PSV,2016,Action,0.01
Dragon's Dogma Online: Season 2,PS4,2016,Action,0.01
Norn + Nonette: Last Era,PSV,2015,Action,0.01
Fuuraiki 3,PSV,2015,Action,0.01
Republique,PS4,2016,Action,0.01
Hyakka Yakou,PSV,2015,Action,0.01
Shin Hayarigami 2,PSV,2016,Adventure,0.01
Dynasty Warriors: Eiketsuden,PS4,2016,Action,0.01
Carmageddon: Max Damage,XOne,2016,Action,0.01
New Interpretation Stranger of Sword City,PSV,2016,Role-Playing,0.01
Broken Sword 5: The Serpent's Curse,XOne,2015,Adventure,0.01
Shitsuji ga Aruji o Erabu Toki,PSV,2016,Adventure,0.01
Batman: A Telltale Game Series,PS3,2016,Adventure,0.01
Phantasy Star Online 2 Episode 4: Deluxe Package,PSV,2017,Role-Playing,0.01
Valentino Rossi: The Game,PC,2016,Racing,0.01
The Book of Unwritten Tales 2,WiiU,2016,Adventure,0.01
Paragon,PS4,2016,Action,0.01
Kurogane Kaikitan,PSV,2015,Adventure,0.01
Farming Simulator 15 Expansion Pack,PC,2015,Action,0.01
Assetto Corsa,XOne,2016,Racing,0.01
War for the Overworld,PC,2015,Strategy,0.01
Sangoku Koi Senki: Omoide Gaeshi - CS Edition,PSV,2016,Adventure,0.01
Legend of Kay Anniversary,WiiU,2015,Action,0.01
Nitroplus Blasterz: Heroines Infinite Duel,PS3,2015,Fighting,0.01
Durarara!! Relay,PSV,2015,Action,0.01
Space Hulk,PSV,2015,Strategy,0.01
Period Cube: Torikago no Amadeus,PSV,2016,Action,0.01
MXGP 2,PC,2016,Racing,0.01
Professional Farmer 2016,PSV,2015,Action,0.01
Dragon Quest X: All in One Package,WiiU,2015,Role-Playing,0.01
Chaos;Child,PS4,2015,Adventure,0.01
Cities: Skylines Snowfall,PC,2016,Simulation,0.01
Mario vs. Donkey Kong: Tipping Stars,WiiU,2015,Puzzle,0.01
Act of Aggression,PC,2015,Strategy,0.01
Fallout Anthology,PC,2015,Action,0.01
Dance with Devils,PSV,2016,Action,0.01
TrackMania Turbo,PC,2016,Action,0.01
Handball 16,X360,2015,Sports,0.01
The Technomancer,PC,2016,Role-Playing,0.01
Chaos;Child,PS3,2015,Adventure,0.01
Goat Simulator,XOne,2016,Simulation,0.01
Kamigami no Asobi InFinite,PSV,2016,Adventure,0.01
Brothers Conflict: Precious Baby,PSV,2017,Action,0.01
Assassin's Creed Chronicles,XOne,2016,Action,0.01
Rugby League Live 3,XOne,2015,Action,0.01
Art Academy: Home Studio,WiiU,2015,Misc,0.01
Rugby World Cup 2015,PC,2015,Sports,0.01
"Horse Life 4: My Horse, My Friend, My Champion",3DS,2015,Action,0.01
MotoGP 15,X360,2015,Racing,0.01
Azure Striker Gunvolt: Striker Pack,3DS,2016,Action,0.01
Total War Attila: Tyrants & Kings,PC,2016,Strategy,0.01
"Shinobi, Koi Utsutsu: Setsugetsuka Koi Emaki",PSV,2015,Action,0.01
Irotoridori no Sekai: World's End Re-Birth,PSV,2015,Action,0.01
Kiniro no Corda 3,3DS,2015,Adventure,0.01
Sﾃｩbastien Loeb Rally Evo,XOne,2016,Racing,0.01
Hitman (2016),XOne,2016,Action,0.01
Mario & Luigi: Paper Jam & Mario Kart 7 Double Pack,3DS,2015,Misc,0.01
Hakuoki: Reimeiroku - Omouhase Kara,PSV,2015,Action,0.01
God Eater Off Shot: Tachibana Sakuya-hen Twin Pack & Animation Vol.7,PS4,2016,Action,0.01
Codename: Panzers Complete Collection,PC,2016,Strategy,0.01
Mighty No. 9,XOne,2016,Platform,0.01
Teslagrad,PSV,2015,Platform,0.01
Resident Evil 4 HD,XOne,2016,Shooter,0.01
Farming 2017 - The Simulation,PS4,2016,Simulation,0.01
Rugby Challenge 3,XOne,2016,Sports,0.01
Chou Ezaru wa Akai Hana: Koi wa Tsuki ni Shirube Kareru,PSV,2016,Action,0.01
